Suzanne Gutierez,1560
Alishia Hessel,4290
Roslyn Covey,3728
Argelia Quint,4292
Lena Janas,4276
Gayla Soltys,4884
Moon Averill,4456
Ruthie Eatman,816
Brittny Bankes,3264
Avelina Huntsberry,3594
Jacquelyne Walder,449
Cuc Greenough,3136
Hannah Batdorf,637
Laticia Levins,1008
Rochel Jorgenson,4462
Kiersten Letts,49
Hildred Runge,2806
Rigoberto Wilkes,1543
Marcela Landman,2158
Sarai Litt,4889
Jettie Tobia,3919
Angele Sassano,4206
Britany Files,2723
Siobhan Tung,3438
Regenia Odoms,4602
Reda Tipping,233
Jackson Shotwell,2370
Josphine Zhang,3235
Hildegarde Mcnutt,1632
Lupe Huntsman,4007
Eleonore Tomblin,948
Abraham Kovar,4827
Torri Nicholson,4382
Kenda Nold,4961
Sun Dodrill,2198
Xenia Casto,447
Lloyd Swafford,1533
Numbers Bradwell,656
Sherie Deshaies,3344
Shawnda Wester,1202
Jaimie Gutter,1149
Krystin Lange,2348
Bronwyn Buster,843
Coleman Balch,2791
Nanette Greenhouse,1117
Lessie Goosby,4323
Jack Woodson,482
Zelma Raney,132
Stefany Didion,1062
Merissa Krawczyk,1316
Elina Buckwalter,1848
Rusty Kingery,2363
Marleen Lieb,4243
Jimmie Quade,3191
Dovie Arango,1501
Sanda Wigton,484
Latrina Rucks,595
Rodney Headlee,3355
Carleen Kemble,2284
Arlean Mauzy,4374
Theodore Pease,4769
Irwin Bevel,3987
Margrett Katzer,1117
Janeth Mulvey,2686
Ty Heaston,2941
Fanny Legler,3766
Soo Spelman,1654
Valentin Lyford,4361
Selina Stours,664
Izetta Hensel,3572
Claire Pizzo,3837
Lucila Gentile,520
Krystina Coto,2296
Davina Ginder,4423
Jamey Curington,4435
Mayola Dent,2749
Hue Stolte,38
Felisa Bonar,3395
Elane Abrev,2897
Genevieve Redinger,4427
Garland Newson,4358
Carolyn Kapp,1407
Lindsy Pulaski,2897
Natisha Mastronardi,3708
Muoi Laliberte,2956
Yulanda Manzer,396
Tam Rockefeller,2974
Reva Heroux,190
Xochitl Davids,756
Ok Lieu,1125
Yessenia Stein,3711
Tennie Worsham,381
Latoya Turnbull,1321
Allyson Risher,4425
Cherilyn Buczek,397
Veda Carino,3418
Piper Wolford,3553
Jeremy Engelbrecht,5001
Fitz Jackson,5001
Danial Entezari,5001
Hicham Guennouni,5001
Eleanor Vicari,4467
Earl Oppenheimer,4896
Britta Flavell,4983
